unix,load1,load5,load15,total_jiffies,steal_jiffies
1791229991,23.48,16.80,13.09,9534199892,0
1791230001,29.27,18.26,13.60,9534223884,0
1791230011,28.20,18.40,13.70,9534247757,0
1791230021,26.18,18.28,13.71,9534271610,0
1791230031,23.92,18.06,13.69,9534295422,0
1791230041,22.38,17.92,13.69,9534319274,0
1791230051,20.64,17.70,13.66,9534343121,0
1791230061,20.77,17.81,13.74,9534366959,0
1791230071,18.96,17.52,13.69,9534390829,0
1791230081,23.73,18.55,14.06,9534414784,0
1791230091,27.24,19.50,14.42,9534438750,0
1791230101,25.72,19.43,14.45,9534462605,0
1791230111,23.83,19.23,14.44,9534486439,0
1791230121,21.71,18.93,14.40,9534510330,0
1791230131,20.21,18.70,14.37,9534534162,0
1791230141,18.25,18.33,14.29,9534558025,0
1791230151,16.75,18.01,14.23,9534581889,0
1791230161,15.57,17.71,14.18,9534605722,0
1791230171,14.48,17.41,14.11,9534629574,0
1791230181,13.79,17.16,14.07,9534653417,0
1791230191,13.51,16.99,14.05,9534677255,0
1791230201,13.27,16.83,14.02,9534701105,0
1791230211,13.31,16.72,14.02,9534724917,0
1791230221,12.72,16.48,13.97,9534748778,0
1791230231,12.16,16.23,13.92,9534772655,0
1791230241,11.74,16.01,13.87,9534796543,0
1791230251,11.25,15.76,13.81,9534820428,0
1791230261,11.06,15.57,13.77,9534844322,0
1791230271,10.98,15.40,13.73,9534868065,0
1791230281,11.47,15.36,13.74,9534891621,0
1791230291,11.86,15.31,13.74,9534915052,0
1791230301,11.50,15.12,13.69,9534938594,0
1791230311,11.81,15.07,13.69,9534962002,0
1791230321,12.29,15.07,13.71,9534985394,0
1791230331,12.03,14.91,13.67,9535009025,0
1791230341,12.63,14.95,13.70,9535032403,0
1791230351,12.61,14.87,13.68,9535055905,0
1791230361,13.24,14.92,13.71,9535079331,0
1791230371,14.75,15.19,13.81,9535102671,0
1791230381,14.33,15.09,13.79,9535125929,0
1791230391,14.51,15.10,13.81,9535149175,0
1791230401,14.20,15.01,13.80,9535172476,0
1791230411,14.76,15.11,13.84,9535195879,0
1791230421,15.86,15.34,13.93,9535219351,0
1791230431,15.71,15.33,13.94,9535242789,0
1791230441,15.44,15.28,13.94,9535266155,0
1791230451,15.62,15.32,13.97,9535289531,0
1791230461,15.31,15.26,13.97,9535313090,0
1791230471,17.64,15.75,14.14,9535336588,0
1791230481,16.60,15.59,14.11,9535360263,0
1791230491,15.36,15.36,14.04,9535384134,0
1791230501,14.31,15.13,13.98,9535408020,0
1791230511,13.72,14.98,13.95,9535431911,0
1791230521,13.00,14.78,13.89,9535455779,0
1791230531,12.68,14.66,13.86,9535479663,0
1791230541,12.12,14.47,13.81,9535503534,0
1791230551,11.64,14.29,13.76,9535527415,0
1791230561,11.16,14.10,13.70,9535551300,0
1791230571,11.07,13.98,13.67,9535575170,0
1791230581,10.59,13.78,13.61,9535599069,0
1791230591,10.35,13.63,13.56,9535622969,0
1791230601,10.14,13.47,13.51,9535646858,0
1791230611,9.81,13.29,13.45,9535670728,0
1791230621,9.52,13.12,13.39,9535694603,0
1791230631,9.14,12.92,13.32,9535718480,0
1791230641,8.82,12.72,13.25,9535742370,0
1791230651,8.46,12.52,13.18,9535766245,0
1791230661,8.00,12.28,13.10,9535790136,0
1791230671,8.01,12.14,13.04,9535814028,0
1791230681,7.70,11.94,12.96,9535837904,0
1791230691,7.59,11.78,12.90,9535861769,0
1791230701,8.92,11.92,12.93,9535885544,0
1791230711,9.39,11.92,12.92,9535909319,0
1791230721,9.19,11.79,12.87,9535933110,0
1791230731,10.66,12.03,12.94,9535956756,0
1791230741,10.40,11.93,12.89,9535980557,0
1791230751,10.34,11.86,12.86,9536004354,0
1791230761,10.50,11.85,12.85,9536028161,0
1791230771,10.29,11.76,12.81,9536052011,0
1791230781,10.40,11.73,12.79,9536075763,0
1791230791,10.78,11.77,12.79,9536099381,0
1791230801,10.60,11.70,12.75,9536122823,0
1791230811,11.11,11.77,12.77,9536146153,0
1791230821,10.56,11.63,12.71,9536169580,0
1791230831,10.73,11.63,12.70,9536192948,0
1791230841,11.08,11.68,12.70,9536216376,0
1791230851,11.00,11.64,12.68,9536240136,0
1791230861,11.24,11.67,12.67,9536263787,0
1791230871,10.80,11.56,12.63,9536287549,0
1791230881,10.84,11.54,12.61,9536311358,0
1791230891,10.95,11.54,12.60,9536335137,0
1791230901,10.96,11.52,12.58,9536359023,0
1791230911,10.73,11.46,12.55,9536382923,0
1791230921,10.31,11.34,12.50,9536406842,0
1791230931,10.18,11.28,12.47,9536430732,0
1791230941,9.92,11.19,12.42,9536454611,0
1791230951,9.78,11.12,12.39,9536478488,0
1791230961,9.35,10.98,12.33,9536502382,0
1791230971,9.31,10.92,12.29,9536526261,0
1791230981,10.41,11.10,12.34,9536550145,0
1791230991,10.20,11.03,12.30,9536574043,0
1791231001,9.70,10.90,12.24,9536597945,0
1791231011,11.13,11.15,12.31,9536621864,0
1791231021,12.72,11.48,12.40,9536645792,0
1791231031,11.92,11.35,12.35,9536669683,0
1791231041,11.32,11.24,12.30,9536693567,0
1791231051,11.05,11.18,12.27,9536717447,0
1791231061,10.66,11.09,12.23,9536741331,0
1791231071,10.33,11.00,12.19,9536765228,0
1791231081,9.89,10.89,12.14,9536789129,0
1791231091,18.76,12.77,12.74,9536813092,0
1791231101,20.33,13.31,12.92,9536836987,0
1791231111,18.89,13.24,12.90,9536860856,0
1791231121,17.13,13.05,12.84,9536884737,0
1791231131,15.34,12.80,12.76,9536908636,0
1791231141,13.98,12.59,12.69,9536932480,0
1791231151,12.84,12.39,12.63,9536956376,0
1791231161,11.72,12.16,12.55,9536980218,0
1791231171,10.76,11.94,12.47,9537004091,0
1791231181,10.49,11.84,12.44,9537027981,0
1791231191,10.03,11.70,12.38,9537051884,0
1791231201,14.92,12.66,12.68,9537075774,0
1791231211,21.26,14.09,13.15,9537099756,0
1791231221,20.93,14.25,13.21,9537123587,0
1791231231,19.92,14.26,13.23,9537147345,0
1791231241,20.71,14.62,13.36,9537171133,0
1791231251,20.07,14.69,13.39,9537194904,0
1791231261,19.37,14.71,13.42,9537218652,0
1791231271,17.62,14.49,13.36,9537242490,0
1791231281,16.99,14.46,13.36,9537266287,0
1791231291,15.98,14.33,13.33,9537290086,0
1791231301,15.08,14.19,13.29,9537313898,0
1791231311,14.61,14.11,13.28,9537337628,0
1791231321,13.89,13.98,13.24,9537361085,0
1791231331,14.23,14.04,13.27,9537384438,0
1791231341,14.43,14.09,13.30,9537407774,0
1791231351,13.93,13.99,13.27,9537431230,0
1791231361,13.40,13.88,13.24,9537454535,0
1791231371,12.86,13.75,13.21,9537478092,0
1791231381,11.97,13.52,13.14,9537501768,0
1791231391,12.13,13.51,13.14,9537525409,0
1791231401,11.80,13.39,13.10,9537549225,0
1791231411,11.82,13.35,13.09,9537573002,0
1791231421,11.44,13.22,13.05,9537596820,0
1791231431,10.52,12.96,12.97,9537620709,0
1791231441,9.67,12.70,12.89,9537644615,0
1791231451,8.96,12.45,12.80,9537668506,0
1791231461,8.35,12.20,12.72,9537692381,0
1791231471,8.07,12.01,12.65,9537716256,0
1791231481,7.83,11.83,12.58,9537740160,0
1791231491,7.86,11.70,12.53,9537764000,0
1791231501,8.12,11.63,12.50,9537787702,0
1791231511,8.87,11.68,12.51,9537811135,0
1791231521,8.96,11.61,12.47,9537834656,0
1791231531,9.60,11.65,12.48,9537858195,0
1791231541,10.41,11.76,12.51,9537881667,0
1791231551,9.89,11.60,12.45,9537905311,0
1791231561,9.97,11.57,12.43,9537928699,0
1791231571,10.51,11.63,12.44,9537952136,0
1791231581,11.06,11.71,12.45,9537975807,0
1791231591,11.45,11.77,12.47,9537999169,0
1791231601,11.14,11.69,12.43,9538022476,0
1791231611,15.61,12.64,12.73,9538046322,0
1791231621,15.81,12.79,12.78,9538069725,0
1791231631,14.60,12.63,12.73,9538092990,0
1791231641,14.04,12.57,12.71,9538116237,0
1791231651,13.66,12.54,12.70,9538139544,0
1791231661,13.35,12.50,12.68,9538163063,0
1791231671,13.36,12.54,12.69,9538186401,0
1791231681,12.68,12.42,12.65,9538209946,0
1791231691,12.04,12.29,12.61,9538233328,0
1791231701,11.32,12.13,12.55,9538256755,0
1791231711,10.42,11.91,12.48,9538280651,0
1791231721,9.84,11.73,12.41,9538304548,0
1791231731,9.18,11.53,12.34,9538328453,0
1791231741,8.15,11.23,12.23,9538352350,0
1791231751,7.44,10.98,12.14,9538376249,0
1791231761,6.76,10.71,12.04,9538400138,0
1791231771,6.42,10.51,11.96,9538423987,0
1791231781,7.21,10.54,11.95,9538447832,0
1791231791,9.41,10.90,12.06,9538471607,0
1791231801,9.36,10.84,12.02,9538495445,0
1791231811,9.30,10.78,11.99,9538519285,0
1791231821,8.86,10.64,11.93,9538543157,0
1791231831,8.90,10.58,11.90,9538567041,0
1791231841,8.84,10.52,11.86,9538590891,0
1791231851,8.33,10.35,11.79,9538614711,0
1791231861,8.59,10.34,11.77,9538638564,0
1791231871,8.34,10.23,11.72,9538662399,0
1791231881,8.38,10.17,11.69,9538686244,0
1791231891,8.40,10.12,11.65,9538710118,0
1791231901,8.10,10.00,11.60,9538733793,0
1791231911,8.17,9.95,11.56,9538757405,0
1791231921,8.89,10.05,11.58,9538780979,0
1791231931,8.53,9.93,11.52,9538804551,0
1791231941,8.98,9.98,11.52,9538828052,0
1791231951,9.18,10.00,11.51,9538851752,0
1791231961,8.94,9.92,11.47,9538875609,0
1791231971,9.17,9.93,11.46,9538899492,0
1791231981,8.38,9.74,11.38,9538923386,0
1791231991,7.86,9.58,11.31,9538947271,0
1791232001,7.57,9.46,11.25,9538971125,0
1791232011,7.55,9.40,11.21,9538994984,0
1791232021,7.77,9.39,11.19,9539018834,0
1791232031,7.96,9.37,11.16,9539042681,0
1791232041,8.87,9.52,11.19,9539066523,0
1791232051,9.12,9.56,11.18,9539090406,0
1791232061,8.93,9.51,11.15,9539114257,0
1791232071,8.80,9.46,11.12,9539138095,0
1791232081,8.91,9.46,11.10,9539161956,0
1791232091,8.30,9.31,11.03,9539185818,0
1791232101,8.41,9.30,11.01,9539209696,0
1791232111,8.42,9.27,10.98,9539233571,0
1791232121,8.13,9.18,10.93,9539257451,0
1791232131,8.27,9.17,10.91,9539281338,0
1791232141,8.38,9.17,10.89,9539305046,0
1791232151,8.41,9.15,10.87,9539328617,0
1791232161,8.74,9.19,10.86,9539352187,0
1791232171,8.53,9.14,10.82,9539375754,0
1791232181,14.26,10.31,11.19,9539399549,0
1791232191,18.45,11.36,11.52,9539423421,0
1791232201,17.46,11.38,11.53,9539447284,0
1791232211,16.78,11.44,11.54,9539471120,0
1791232221,15.03,11.24,11.48,9539494971,0
1791232231,13.34,11.00,11.40,9539518835,0
1791232241,11.90,10.77,11.32,9539542711,0
1791232251,10.62,10.53,11.23,9539566597,0
1791232261,9.59,10.32,11.16,9539590431,0
1791232271,8.66,10.09,11.07,9539614296,0
1791232281,7.94,9.89,11.00,9539638159,0
1791232291,7.71,9.78,10.95,9539662020,0
1791232301,7.61,9.68,10.91,9539685713,0
1791232311,7.53,9.60,10.86,9539709206,0
1791232321,8.12,9.66,10.87,9539732596,0
1791232331,9.39,9.87,10.93,9539756159,0
1791232341,9.70,9.92,10.93,9539779524,0
1791232351,9.42,9.86,10.90,9539802954,0
1791232361,9.05,9.76,10.86,9539826544,0
1791232371,9.05,9.74,10.84,9539849931,0
1791232381,11.21,10.16,10.96,9539873414,0
1791232391,11.50,10.26,10.98,9539896797,0
1791232401,11.12,10.21,10.96,9539920131,0
1791232411,12.57,10.54,11.06,9539943462,0
1791232421,11.78,10.44,11.02,9539966789,0
1791232431,11.55,10.44,11.02,9539990018,0
1791232441,11.10,10.38,10.99,9540013250,0
1791232451,11.46,10.48,11.02,9540036467,0
1791232461,10.62,10.33,10.96,9540059878,0
1791232471,10.83,10.39,10.97,9540083239,0
1791232481,11.06,10.46,10.99,9540106606,0
1791232491,11.08,10.48,10.99,9540130130,0
1791232501,11.31,10.54,11.01,9540153407,0
1791232511,21.09,12.67,11.69,9540177304,0
1791232521,19.92,12.69,11.71,9540201167,0
1791232531,18.49,12.62,11.70,9540225016,0
1791232541,16.41,12.37,11.63,9540248884,0
1791232551,14.65,12.13,11.56,9540272760,0
1791232561,19.29,13.20,11.91,9540296699,0
1791232571,20.73,13.73,12.10,9540320621,0
1791232581,19.76,13.75,12.12,9540344485,0
1791232591,17.57,13.48,12.05,9540368335,0
1791232601,15.71,13.22,11.98,9540392182,0
1791232611,14.06,12.95,11.91,9540416026,0
1791232621,12.59,12.67,11.83,9540439918,0
1791232631,11.35,12.40,11.75,9540463809,0
1791232641,11.74,12.44,11.77,9540487721,0
1791232651,10.86,12.22,11.70,9540511625,0
1791232661,10.04,12.00,11.64,9540535536,0
1791232671,9.56,11.84,11.59,9540559445,0
1791232681,9.17,11.68,11.54,9540583347,0
1791232691,8.53,11.46,11.47,9540607246,0
1791232701,7.91,11.23,11.39,9540631166,0
1791232711,7.54,11.04,11.33,9540655053,0
1791232721,7.23,10.86,11.27,9540678918,0
1791232731,7.49,10.79,11.24,9540702758,0
1791232741,8.12,10.82,11.24,9540726541,0
1791232751,10.21,11.17,11.35,9540750310,0
1791232761,10.97,11.30,11.39,9540774068,0
1791232771,11.44,11.39,11.42,9540797787,0
1791232781,11.20,11.34,11.41,9540821520,0
1791232791,11.11,11.32,11.40,9540845359,0
1791232801,11.09,11.31,11.39,9540869136,0
1791232811,10.99,11.28,11.38,9540892963,0
1791232821,11.52,11.38,11.42,9540916715,0
1791232831,11.68,11.42,11.43,9540940384,0
1791232841,12.89,11.69,11.52,9540963881,0
1791232851,14.76,12.13,11.66,9540987646,0
1791232861,16.23,12.53,11.80,9541011407,0
1791232871,17.44,12.91,11.93,9541035158,0
1791232881,18.42,13.28,12.06,9541058914,0
1791232891,18.51,13.47,12.13,9541082761,0
1791232901,18.98,13.73,12.24,9541106515,0
1791232911,20.46,14.23,12.41,9541130342,0
1791232921,20.92,14.54,12.53,9541154229,0
1791232931,21.00,14.77,12.63,9541178080,0
1791232941,22.30,15.25,12.81,9541201994,0
1791232951,24.50,15.96,13.07,9541225935,0
1791232961,23.48,16.03,13.12,9541249823,0
1791232971,22.58,16.08,13.17,9541273650,0
1791232981,21.50,16.06,13.20,9541297509,0
1791232991,20.19,15.96,13.20,9541321378,0
1791233001,18.85,15.81,13.18,9541345257,0
1791233011,17.71,15.67,13.16,9541369172,0
1791233021,16.77,15.53,13.14,9541393067,0
1791233031,15.57,15.32,13.10,9541416951,0
1791233041,14.86,15.17,13.07,9541440812,0
1791233051,14.04,14.99,13.03,9541464684,0
1791233061,13.57,14.85,13.01,9541488553,0
1791233071,13.72,14.84,13.03,9541512411,0
1791233081,13.15,14.68,12.99,9541536273,0
1791233091,13.55,14.71,13.02,9541560123,0
1791233101,13.08,14.57,12.99,9541583976,0
1791233111,12.61,14.42,12.96,9541607835,0
1791233121,12.05,14.24,12.92,9541631729,0
1791233131,11.58,14.07,12.88,9541655616,0
1791233141,10.87,13.84,12.81,9541679515,0
1791233151,10.50,13.66,12.77,9541703378,0
1791233161,11.00,13.66,12.77,9541727231,0
1791233171,10.84,13.53,12.74,9541751069,0
1791233181,10.63,13.40,12.71,9541774922,0
1791233191,10.30,13.24,12.66,9541798811,0
1791233201,10.03,13.08,12.62,9541822668,0
1791233211,9.71,12.91,12.57,9541846523,0
1791233221,9.37,12.74,12.51,9541870369,0
1791233231,9.41,12.63,12.48,9541894251,0
1791233241,9.72,12.59,12.47,9541918058,0
1791233251,9.53,12.46,12.43,9541941911,0
1791233261,9.77,12.41,12.41,9541965764,0
1791233271,11.02,12.59,12.47,9541989578,0
1791233281,12.49,12.85,12.56,9542013436,0
1791233291,13.64,13.09,12.64,9542037289,0
1791233301,13.77,13.14,12.66,9542061136,0
1791233311,15.79,13.58,12.81,9542085067,0
1791233321,15.27,13.54,12.80,9542108928,0
1791233331,15.18,13.58,12.82,9542132795,0
1791233341,14.93,13.57,12.83,9542156659,0
1791233351,14.17,13.45,12.80,9542180488,0
1791233361,13.91,13.42,12.80,9542204363,0
1791233371,14.28,13.52,12.84,9542228247,0
1791233381,13.64,13.41,12.81,9542252117,0
1791233391,13.70,13.43,12.82,9542276006,0
1791233401,13.21,13.33,12.79,9542299690,0
1791233411,13.49,13.39,12.82,9542323235,0
1791233421,13.34,13.36,12.81,9542346833,0
1791233431,12.60,13.20,12.77,9542370403,0
1791233441,13.14,13.29,12.80,9542393922,0
1791233451,12.72,13.20,12.78,9542417648,0
1791233461,12.70,13.17,12.78,9542441512,0
1791233471,12.91,13.20,12.79,9542465373,0
1791233481,12.23,13.05,12.74,9542489234,0
1791233491,11.65,12.90,12.70,9542513121,0
1791233501,11.16,12.75,12.65,9542537019,0
1791233511,10.76,12.61,12.61,9542560934,0
1791233521,10.18,12.43,12.55,9542584841,0
1791233531,9.69,12.25,12.49,9542608754,0
1791233541,9.36,12.09,12.43,9542632640,0
1791233551,8.99,11.92,12.37,9542656537,0
1791233561,9.13,11.86,12.35,9542680445,0
1791233571,8.88,11.71,12.29,9542704340,0
1791233581,8.74,11.59,12.25,9542728237,0
1791233591,8.62,11.47,12.20,9542752160,0
1791233601,8.37,11.32,12.15,9542776074,0
1791233611,8.24,11.20,12.10,9542799966,0
1791233621,8.28,11.11,12.06,9542823844,0
1791233631,8.31,11.02,12.02,9542847727,0
1791233641,8.03,10.87,11.96,9542871622,0
1791233651,8.02,10.78,11.92,9542895520,0
1791233661,7.71,10.62,11.85,9542919439,0
1791233671,7.60,10.50,11.80,9542943352,0
1791233681,7.81,10.45,11.77,9542967066,0
1791233691,8.37,10.48,11.77,9542990581,0
1791233701,9.56,10.67,11.81,9543014100,0
1791233711,10.86,10.91,11.88,9543037728,0
1791233721,12.67,11.29,11.99,9543061345,0
1791233731,13.56,11.53,12.06,9543084980,0
1791233741,14.26,11.74,12.13,9543108607,0
1791233751,14.53,11.88,12.17,9543132006,0
1791233761,13.98,11.85,12.16,9543155505,0
1791233771,15.15,12.17,12.26,9543178880,0
1791233781,15.11,12.27,12.29,9543202201,0
1791233791,14.57,12.24,12.28,9543225520,0
1791233801,14.56,12.32,12.30,9543248744,0
1791233811,13.55,12.17,12.26,9543272021,0
1791233821,13.39,12.18,12.26,9543295259,0
1791233831,13.10,12.16,12.25,9543318513,0
1791233841,12.80,12.12,12.24,9543341992,0
1791233851,15.04,12.63,12.40,9543365581,0
1791233861,17.05,13.15,12.57,9543389250,0
1791233871,17.52,13.38,12.65,9543412727,0
1791233881,17.69,13.55,12.72,9543436132,0
1791233891,17.11,13.56,12.73,9543459881,0
1791233901,16.32,13.51,12.72,9543483750,0
1791233911,15.49,13.43,12.70,9543507590,0
1791233921,14.41,13.26,12.66,9543531443,0
1791233931,13.50,13.11,12.61,9543555303,0
1791233941,13.04,13.02,12.59,9543579150,0
1791233951,12.57,12.92,12.56,9543603018,0
1791233961,13.24,13.04,12.60,9543626940,0
1791233971,12.51,12.89,12.56,9543650831,0
1791233981,11.90,12.75,12.52,9543674729,0
1791233991,11.30,12.59,12.47,9543698648,0
1791234001,10.86,12.45,12.42,9543722546,0
1791234011,10.27,12.27,12.37,9543746453,0
1791234021,9.77,12.10,12.31,9543770365,0
1791234031,9.34,11.93,12.25,9543794276,0
1791234041,8.98,11.77,12.19,9543818187,0
1791234051,8.75,11.63,12.14,9543842080,0
1791234061,8.56,11.49,12.09,9543865986,0
1791234071,8.55,11.39,12.05,9543889887,0
1791234081,8.48,11.28,12.01,9543913789,0
1791234091,8.09,11.11,11.94,9543937713,0
1791234101,7.61,10.90,11.87,9543961585,0
1791234111,7.76,10.83,11.83,9543985485,0
1791234121,7.88,10.75,11.80,9544009328,0
1791234131,8.58,10.81,11.80,9544033115,0
1791234141,8.88,10.80,11.79,9544056897,0
1791234151,8.83,10.72,11.75,9544080673,0
1791234161,9.09,10.71,11.74,9544104393,0
1791234171,9.00,10.64,11.71,9544128244,0
1791234181,9.15,10.62,11.69,9544152050,0
1791234191,9.22,10.58,11.66,9544175850,0
1791234201,8.88,10.46,11.61,9544199678,0
1791234211,9.51,10.55,11.63,9544223433,0
1791234221,9.81,10.58,11.63,9544246971,0
1791234231,9.74,10.54,11.60,9544270395,0
1791234241,9.78,10.52,11.59,9544293784,0
1791234251,9.27,10.39,11.53,9544317269,0
1791234261,9.32,10.36,11.51,9544340600,0
1791234271,9.10,10.28,11.47,9544364094,0
1791234281,9.09,10.24,11.45,9544387820,0
1791234291,9.09,10.20,11.42,9544411443,0
1791234301,8.99,10.14,11.39,9544435224,0
1791234311,9.38,10.19,11.39,9544459000,0
1791234321,9.38,10.17,11.37,9544482787,0
1791234331,8.71,10.00,11.30,9544506685,0
1791234341,8.22,9.85,11.24,9544530553,0
1791234351,7.80,9.70,11.17,9544554411,0
1791234361,7.36,9.55,11.11,9544578262,0
1791234371,7.37,9.48,11.07,9544602097,0
1791234381,7.69,9.48,11.05,9544625860,0
1791234391,7.89,9.47,11.03,9544649594,0
1791234401,7.44,9.32,10.96,9544673429,0
1791234411,7.92,9.36,10.96,9544697151,0
1791234421,8.07,9.34,10.94,9544720900,0
1791234431,8.07,9.30,10.91,9544744728,0
1791234441,8.22,9.29,10.89,9544768484,0
1791234451,8.30,9.28,10.87,9544792270,0
1791234461,8.50,9.29,10.85,9544816020,0
1791234471,8.55,9.28,10.83,9544839701,0
1791234481,8.72,9.29,10.82,9544863174,0
1791234491,8.77,9.28,10.80,9544886501,0
1791234501,9.51,9.42,10.83,9544909875,0
1791234511,10.81,9.70,10.90,9544933316,0
1791234521,12.15,10.02,11.00,9544956776,0
1791234531,14.27,10.54,11.15,9544980494,0
1791234541,14.51,10.71,11.20,9545004160,0
1791234551,15.04,10.95,11.28,9545027855,0
1791234561,14.19,10.91,11.26,9545051690,0
1791234571,13.92,10.96,11.27,9545075472,0
1791234581,12.62,10.78,11.21,9545099321,0
1791234591,11.22,10.54,11.13,9545123224,0
1791234601,10.19,10.34,11.06,9545147125,0
1791234611,9.16,10.11,10.97,9545171016,0
1791234621,8.21,9.88,10.89,9545194911,0
1791234631,7.49,9.67,10.81,9545218801,0
1791234641,7.04,9.50,10.74,9545242519,0
1791234651,7.14,9.43,10.71,9545266052,0
1791234661,7.73,9.49,10.71,9545289465,0
1791234671,7.16,9.31,10.64,9545312999,0
1791234681,7.77,9.36,10.64,9545336411,0
1791234691,7.72,9.30,10.61,9545359832,0
1791234701,7.62,9.22,10.57,9545383401,0
1791234711,7.91,9.23,10.56,9545406789,0
1791234721,7.54,9.11,10.50,9545430214,0
1791234731,7.98,9.16,10.50,9545453620,0
1791234741,8.50,9.23,10.51,9545476936,0
1791234751,7.88,9.08,10.45,9545500200,0
1791234761,7.87,9.04,10.42,9545523493,0
1791234771,7.63,8.95,10.38,9545546753,0
1791234781,7.41,8.86,10.33,9545569970,0
1791234791,7.79,8.89,10.33,9545593171,0
1791234801,7.28,8.75,10.27,9545616500,0
1791234811,7.87,8.82,10.27,9545639873,0
1791234821,8.32,8.89,10.28,9545663218,0
1791234831,8.59,8.93,10.28,9545686682,0
1791234841,9.03,9.02,10.29,9545709975,0
1791234851,8.19,8.83,10.22,9545733590,0
1791234861,7.31,8.62,10.13,9545757470,0
1791234871,6.66,8.44,10.06,9545781291,0
1791234881,7.78,8.61,10.10,9545805112,0
1791234891,7.58,8.54,10.06,9545828944,0
1791234901,7.32,8.45,10.01,9545852767,0
1791234911,7.26,8.41,9.98,9545876582,0
1791234921,8.57,8.64,10.04,9545900385,0
1791234931,8.25,8.57,10.00,9545924168,0
1791234941,7.98,8.50,9.96,9545948070,0
1791234951,7.59,8.40,9.91,9545971940,0
1791234961,7.21,8.29,9.86,9545995829,0
1791234971,7.25,8.26,9.83,9546019735,0
1791234981,6.90,8.16,9.78,9546043593,0
1791234991,6.75,8.08,9.74,9546067473,0
1791235001,6.61,8.01,9.70,9546091289,0
1791235011,6.93,8.03,9.69,9546114900,0
1791235021,6.57,7.91,9.63,9546138504,0
1791235031,6.09,7.77,9.57,9546162121,0
1791235041,6.14,7.73,9.53,9546185646,0
1791235051,6.28,7.70,9.50,9546209300,0
1791235061,5.70,7.53,9.43,9546233177,0
1791235071,5.90,7.51,9.40,9546257066,0
1791235081,5.83,7.45,9.36,9546280940,0
1791235091,5.56,7.33,9.30,9546304816,0
1791235101,5.72,7.31,9.27,9546328696,0
1791235111,6.07,7.33,9.26,9546352567,0
1791235121,5.90,7.25,9.21,9546376425,0
1791235131,6.30,7.29,9.20,9546400290,0
1791235141,7.02,7.42,9.22,9546424171,0
1791235151,6.70,7.34,9.18,9546448038,0
1791235161,6.97,7.37,9.17,9546471942,0
1791235171,7.10,7.39,9.16,9546495816,0
1791235181,6.71,7.30,9.11,9546519696,0
1791235191,7.00,7.34,9.10,9546543592,0
1791235201,6.76,7.28,9.06,9546567458,0
1791235211,6.95,7.30,9.05,9546591347,0
1791235221,7.26,7.36,9.05,9546615195,0
1791235231,7.07,7.31,9.02,9546638834,0
1791235241,7.30,7.35,9.01,9546662424,0
1791235251,7.10,7.31,8.98,9546686035,0
1791235261,7.54,7.40,8.99,9546709579,0
1791235271,7.32,7.35,8.96,9546733238,0
1791235281,6.87,7.26,8.91,9546757127,0
1791235291,7.29,7.33,8.92,9546781036,0
1791235301,7.22,7.32,8.89,9546804927,0
1791235311,7.36,7.34,8.89,9546828704,0
1791235321,8.44,7.58,8.95,9546852295,0
1791235331,8.59,7.64,8.95,9546875722,0
1791235341,9.78,7.93,9.03,9546899272,0
1791235351,9.67,7.97,9.03,9546922769,0
1791235361,9.73,8.03,9.04,9546946173,0
1791235371,9.01,7.93,9.00,9546969786,0
1791235381,9.17,8.00,9.01,9546993154,0
1791235391,8.84,7.97,8.99,9547016567,0
1791235401,8.57,7.94,8.97,9547040068,0
1791235411,9.32,8.12,9.02,9547063415,0
1791235421,8.67,8.02,8.97,9547086716,0
1791235431,8.70,8.05,8.97,9547110017,0
1791235441,9.35,8.21,9.02,9547133302,0
1791235451,11.44,8.69,9.16,9547156645,0
1791235461,11.82,8.86,9.21,9547179911,0
1791235471,10.84,8.75,9.17,9547203270,0
1791235481,10.81,8.81,9.19,9547226709,0
1791235491,11.13,8.95,9.23,9547250058,0
1791235501,10.34,8.85,9.19,9547273597,0
1791235511,10.60,8.95,9.22,9547296927,0
1791235521,10.10,8.90,9.21,9547320450,0
1791235531,9.01,8.71,9.14,9547344341,0
1791235541,8.08,8.52,9.07,9547368245,0
1791235551,7.85,8.45,9.04,9547392142,0
1791235561,7.25,8.31,8.99,9547416044,0
1791235571,6.74,8.16,8.94,9547439912,0
1791235581,7.02,8.18,8.93,9547463726,0
1791235591,7.31,8.20,8.93,9547487533,0
1791235601,7.27,8.16,8.91,9547511372,0
1791235611,7.31,8.14,8.89,9547535103,0
1791235621,7.24,8.10,8.87,9547558893,0
1791235631,7.06,8.03,8.84,9547582728,0
1791235641,6.90,7.97,8.81,9547606554,0
1791235651,6.45,7.84,8.76,9547630411,0
1791235661,6.37,7.77,8.73,9547654199,0
1791235671,6.46,7.75,8.71,9547677848,0
1791235681,6.62,7.74,8.70,9547701341,0
1791235691,7.76,7.95,8.76,9547724772,0
1791235701,7.49,7.88,8.73,9547748225,0
1791235711,7.57,7.89,8.72,9547771660,0
1791235721,8.85,8.15,8.80,9547795065,0
1791235731,8.26,8.05,8.76,9547818836,0
1791235741,8.69,8.15,8.78,9547842469,0
1791235751,8.27,8.08,8.75,9547866179,0
1791235761,8.08,8.04,8.73,9547889974,0
1791235771,8.92,8.22,8.78,9547913757,0
